{
  "token_acc":0.9950280167,
  "token_p":0.9950280167,
  "token_r":0.9900274833,
  "token_f":0.9925214516,
  "tag_acc":0.7286430178,
  "pos_acc":0.9243578108,
  "morph_acc":0.7676281419,
  "morph_micro_p":0.8693377968,
  "morph_micro_r":0.865129353,
  "morph_micro_f":0.8672284693,
  "morph_per_feat":{
    "AdpType":{
      "p":0.9872306464,
      "r":0.9903923139,
      "f":0.9888089528
    },
    "Case":{
      "p":0.8401116427,
      "r":0.8326966144,
      "f":0.8363876943
    },
    "Animacy":{
      "p":0.7425053533,
      "r":0.7186528497,
      "f":0.7303844128
    },
    "Gender":{
      "p":0.8479345717,
      "r":0.8429102935,
      "f":0.8454149679
    },
    "Number":{
      "p":0.9287410926,
      "r":0.927150573,
      "f":0.9279451513
    },
    "PronType":{
      "p":0.9507119387,
      "r":0.9665924276,
      "f":0.9585864163
    },
    "Reflex":{
      "p":0.9970588235,
      "r":0.9883381924,
      "f":0.9926793558
    },
    "Aspect":{
      "p":0.8254750176,
      "r":0.8612334802,
      "f":0.8429752066
    },
    "Polarity":{
      "p":0.8943348186,
      "r":0.9117456197,
      "f":0.9029562982
    },
    "Tense":{
      "p":0.9214175655,
      "r":0.9606425703,
      "f":0.9406213134
    },
    "VerbForm":{
      "p":0.9057924889,
      "r":0.9234263465,
      "f":0.9145244216
    },
    "Degree":{
      "p":0.8760285244,
      "r":0.9007332205,
      "f":0.8882091212
    },
    "Gender[psor]":{
      "p":0.9626168224,
      "r":0.9626168224,
      "f":0.9626168224
    },
    "Number[psor]":{
      "p":0.9652173913,
      "r":0.9327731092,
      "f":0.9487179487
    },
    "Person":{
      "p":0.875,
      "r":0.9296875,
      "f":0.9015151515
    },
    "Poss":{
      "p":0.9891891892,
      "r":0.9581151832,
      "f":0.9734042553
    },
    "NumForm":{
      "p":0.9945205479,
      "r":0.9603174603,
      "f":0.9771197847
    },
    "Mood":{
      "p":0.837535014,
      "r":0.9060606061,
      "f":0.8704512373
    },
    "Voice":{
      "p":0.72,
      "r":0.6033519553,
      "f":0.6565349544
    },
    "Abbr":{
      "p":0.925,
      "r":0.3425925926,
      "f":0.5
    },
    "NumType":{
      "p":0.8727272727,
      "r":0.6153846154,
      "f":0.7218045113
    },
    "Hyph":{
      "p":0.4545454545,
      "r":0.4347826087,
      "f":0.4444444444
    },
    "Foreign":{
      "p":0.2653061224,
      "r":0.1313131313,
      "f":0.1756756757
    },
    "Typo":{
      "p":0.2,
      "r":0.0212765957,
      "f":0.0384615385
    }
  },
  "lemma_acc":0.8488339976,
  "sents_p":0.7916260954,
  "sents_r":0.7662582469,
  "sents_f":0.7787356322,
  "dep_uas":0.7922077922,
  "dep_las":0.722334004,
  "dep_las_per_type":{
    "case":{
      "p":0.9332797428,
      "r":0.9265762171,
      "f":0.9299158991
    },
    "obl":{
      "p":0.6483390607,
      "r":0.6612149533,
      "f":0.6547137073
    },
    "nmod":{
      "p":0.5908496732,
      "r":0.633941094,
      "f":0.6116373478
    },
    "expl:pv":{
      "p":0.8492063492,
      "r":0.8842975207,
      "f":0.8663967611
    },
    "advmod:emph":{
      "p":0.6166666667,
      "r":0.7254901961,
      "f":0.6666666667
    },
    "nsubj":{
      "p":0.6258411844,
      "r":0.5923566879,
      "f":0.6086387435
    },
    "root":{
      "p":0.818359375,
      "r":0.7898209237,
      "f":0.8038369305
    },
    "xcomp":{
      "p":0.8170731707,
      "r":0.5583333333,
      "f":0.6633663366
    },
    "obj":{
      "p":0.6612244898,
      "r":0.6303501946,
      "f":0.6454183267
    },
    "amod":{
      "p":0.8602993585,
      "r":0.8881530537,
      "f":0.8740043447
    },
    "mark":{
      "p":0.8303571429,
      "r":0.8230088496,
      "f":0.8266666667
    },
    "fixed":{
      "p":0.875,
      "r":0.65625,
      "f":0.75
    },
    "det":{
      "p":0.8626198083,
      "r":0.9608540925,
      "f":0.9090909091
    },
    "advmod":{
      "p":0.7291666667,
      "r":0.7777777778,
      "f":0.752688172
    },
    "advcl":{
      "p":0.5897435897,
      "r":0.696969697,
      "f":0.6388888889
    },
    "cc":{
      "p":0.8075117371,
      "r":0.7713004484,
      "f":0.7889908257
    },
    "conj":{
      "p":0.5502392344,
      "r":0.5817875211,
      "f":0.5655737705
    },
    "nummod":{
      "p":0.8215384615,
      "r":0.7521126761,
      "f":0.7852941176
    },
    "cop":{
      "p":0.6826086957,
      "r":0.7405660377,
      "f":0.7104072398
    },
    "acl:relcl":{
      "p":0.6434782609,
      "r":0.592,
      "f":0.6166666667
    },
    "obl:arg":{
      "p":0.5929648241,
      "r":0.4111498258,
      "f":0.4855967078
    },
    "dep":{
      "p":0.0272727273,
      "r":0.0576923077,
      "f":0.037037037
    },
    "appos":{
      "p":0.2702702703,
      "r":0.1470588235,
      "f":0.1904761905
    },
    "expl:pass":{
      "p":0.1818181818,
      "r":0.0833333333,
      "f":0.1142857143
    },
    "csubj:pass":{
      "p":0.0,
      "r":0.0,
      "f":0.0
    },
    "csubj":{
      "p":0.3333333333,
      "r":0.5,
      "f":0.4
    },
    "flat:foreign":{
      "p":0.0,
      "r":0.0,
      "f":0.0
    },
    "nsubj:pass":{
      "p":0.0909090909,
      "r":0.0303030303,
      "f":0.0454545455
    },
    "orphan":{
      "p":0.1666666667,
      "r":0.2222222222,
      "f":0.1904761905
    },
    "parataxis":{
      "p":0.0,
      "r":0.0,
      "f":0.0
    },
    "acl":{
      "p":0.5,
      "r":0.2592592593,
      "f":0.3414634146
    },
    "aux":{
      "p":0.3636363636,
      "r":1.0,
      "f":0.5333333333
    },
    "aux:pass":{
      "p":0.5,
      "r":0.125,
      "f":0.2
    },
    "ccomp":{
      "p":0.3684210526,
      "r":0.4117647059,
      "f":0.3888888889
    },
    "det:numgov":{
      "p":1.0,
      "r":0.7142857143,
      "f":0.8333333333
    },
    "flat":{
      "p":0.0,
      "r":0.0,
      "f":0.0
    },
    "iobj":{
      "p":0.0,
      "r":0.0,
      "f":0.0
    },
    "discourse":{
      "p":0.0,
      "r":0.0,
      "f":0.0
    }
  },
  "speed":4857.2514481786
}