{
  "token_acc":0.9950280167,
  "token_p":0.9950280167,
  "token_r":0.9900274833,
  "token_f":0.9925214516,
  "tag_acc":0.7387444265,
  "pos_acc":0.9268042457,
  "morph_acc":0.7656552105,
  "morph_micro_p":0.8647494009,
  "morph_micro_r":0.8639841757,
  "morph_micro_f":0.8643666189,
  "morph_per_feat":{
    "AdpType":{
      "p":0.9872408293,
      "r":0.9911929544,
      "f":0.9892129445
    },
    "Case":{
      "p":0.8382781457,
      "r":0.833750494,
      "f":0.8360081897
    },
    "Animacy":{
      "p":0.7391538669,
      "r":0.7106217617,
      "f":0.7246070532
    },
    "Gender":{
      "p":0.8407898371,
      "r":0.8390519498,
      "f":0.8399199945
    },
    "Number":{
      "p":0.9233394592,
      "r":0.9266236332,
      "f":0.9249786311
    },
    "PronType":{
      "p":0.9319654428,
      "r":0.9610244989,
      "f":0.9462719298
    },
    "Reflex":{
      "p":0.98820059,
      "r":0.9766763848,
      "f":0.9824046921
    },
    "Aspect":{
      "p":0.8239387613,
      "r":0.8693098385,
      "f":0.8460164344
    },
    "Polarity":{
      "p":0.8877038896,
      "r":0.9182349124,
      "f":0.9027113238
    },
    "Tense":{
      "p":0.914893617,
      "r":0.9670682731,
      "f":0.9402577118
    },
    "VerbForm":{
      "p":0.895859473,
      "r":0.9266709929,
      "f":0.9110047847
    },
    "Degree":{
      "p":0.8842105263,
      "r":0.9001692047,
      "f":0.892118502
    },
    "Gender[psor]":{
      "p":0.9607843137,
      "r":0.9158878505,
      "f":0.9377990431
    },
    "Number[psor]":{
      "p":0.9152542373,
      "r":0.9075630252,
      "f":0.9113924051
    },
    "Person":{
      "p":0.8482142857,
      "r":0.927734375,
      "f":0.8861940299
    },
    "Poss":{
      "p":0.9781420765,
      "r":0.9371727749,
      "f":0.9572192513
    },
    "NumForm":{
      "p":1.0,
      "r":0.962962963,
      "f":0.9811320755
    },
    "Mood":{
      "p":0.825136612,
      "r":0.9151515152,
      "f":0.867816092
    },
    "Voice":{
      "p":0.6878980892,
      "r":0.6033519553,
      "f":0.6428571429
    },
    "Abbr":{
      "p":0.8444444444,
      "r":0.3518518519,
      "f":0.4967320261
    },
    "Hyph":{
      "p":0.75,
      "r":0.3913043478,
      "f":0.5142857143
    },
    "NumType":{
      "p":0.7833333333,
      "r":0.6025641026,
      "f":0.6811594203
    },
    "Foreign":{
      "p":0.2727272727,
      "r":0.0909090909,
      "f":0.1363636364
    },
    "Typo":{
      "p":0.5,
      "r":0.0212765957,
      "f":0.0408163265
    }
  },
  "lemma_acc":0.8502545081,
  "sents_p":0.7534246575,
  "sents_r":0.7775683318,
  "sents_f":0.7653061224,
  "dep_uas":0.7974358974,
  "dep_las":0.7287545788,
  "dep_las_per_type":{
    "case":{
      "p":0.9182389937,
      "r":0.9321628093,
      "f":0.9251485149
    },
    "obl":{
      "p":0.6607773852,
      "r":0.6553738318,
      "f":0.6580645161
    },
    "nmod":{
      "p":0.669939577,
      "r":0.6220196353,
      "f":0.6450909091
    },
    "expl:pv":{
      "p":0.8464566929,
      "r":0.8884297521,
      "f":0.8669354839
    },
    "advmod:emph":{
      "p":0.6274509804,
      "r":0.6274509804,
      "f":0.6274509804
    },
    "nsubj":{
      "p":0.6253132832,
      "r":0.6356687898,
      "f":0.6304485155
    },
    "root":{
      "p":0.7922794118,
      "r":0.8124410933,
      "f":0.802233597
    },
    "xcomp":{
      "p":0.6826923077,
      "r":0.5916666667,
      "f":0.6339285714
    },
    "obj":{
      "p":0.6345776031,
      "r":0.6284046693,
      "f":0.6314760508
    },
    "amod":{
      "p":0.8620689655,
      "r":0.8830022075,
      "f":0.8724100327
    },
    "mark":{
      "p":0.7317073171,
      "r":0.796460177,
      "f":0.7627118644
    },
    "fixed":{
      "p":0.8461538462,
      "r":0.6875,
      "f":0.7586206897
    },
    "det":{
      "p":0.846875,
      "r":0.9644128114,
      "f":0.9018302829
    },
    "advmod":{
      "p":0.7558685446,
      "r":0.7950617284,
      "f":0.7749699158
    },
    "advcl":{
      "p":0.5151515152,
      "r":0.5151515152,
      "f":0.5151515152
    },
    "cc":{
      "p":0.7775280899,
      "r":0.7757847534,
      "f":0.7766554433
    },
    "conj":{
      "p":0.5559105431,
      "r":0.586846543,
      "f":0.5709598031
    },
    "nummod":{
      "p":0.8711656442,
      "r":0.8,
      "f":0.8340675477
    },
    "cop":{
      "p":0.7136363636,
      "r":0.7405660377,
      "f":0.7268518519
    },
    "acl:relcl":{
      "p":0.6140350877,
      "r":0.56,
      "f":0.5857740586
    },
    "obl:arg":{
      "p":0.5845410628,
      "r":0.4216027875,
      "f":0.4898785425
    },
    "orphan":{
      "p":0.1666666667,
      "r":0.2222222222,
      "f":0.1904761905
    },
    "appos":{
      "p":0.3611111111,
      "r":0.1911764706,
      "f":0.25
    },
    "expl:pass":{
      "p":0.3076923077,
      "r":0.1666666667,
      "f":0.2162162162
    },
    "csubj:pass":{
      "p":0.0,
      "r":0.0,
      "f":0.0
    },
    "dep":{
      "p":0.0217391304,
      "r":0.0384615385,
      "f":0.0277777778
    },
    "discourse":{
      "p":0.0,
      "r":0.0,
      "f":0.0
    },
    "ccomp":{
      "p":0.2,
      "r":0.4117647059,
      "f":0.2692307692
    },
    "flat:foreign":{
      "p":0.0,
      "r":0.0,
      "f":0.0
    },
    "nsubj:pass":{
      "p":0.2173913043,
      "r":0.1515151515,
      "f":0.1785714286
    },
    "parataxis":{
      "p":0.0,
      "r":0.0,
      "f":0.0
    },
    "acl":{
      "p":0.5714285714,
      "r":0.2962962963,
      "f":0.3902439024
    },
    "aux:pass":{
      "p":0.4166666667,
      "r":0.2083333333,
      "f":0.2777777778
    },
    "csubj":{
      "p":0.5,
      "r":0.5,
      "f":0.5
    },
    "det:numgov":{
      "p":0.75,
      "r":0.4285714286,
      "f":0.5454545455
    },
    "aux":{
      "p":0.5,
      "r":1.0,
      "f":0.6666666667
    },
    "flat":{
      "p":0.0,
      "r":0.0,
      "f":0.0
    },
    "iobj":{
      "p":0.0,
      "r":0.0,
      "f":0.0
    }
  },
  "speed":4024.3875266439
}